INSERT INTO `vehicle_rental`.`vr_user`(`id`, `username`, `password`, `full_name`, `email`, `phone`, `enabled`, `avatar`, `create_time`, `creator_id`, `creator_name`, `update_time`, `updater_id`, `updater_name`) VALUES (1, '147', '$2a$10$VOEDtbVjl9V8g0DojIrEhuvwRJ/OX8XaXUNuyHLA5j1aU/oSwlMYC', '卡卡罗特', '1085385084@qq.com', '18855193274', 1, 'http://localhost:9090/file/y-chat-bucket/b08ad548064e4897b0af709c391a5cf7.png', '2024-04-28 18:02:18', NULL, NULL, '2025-06-24 14:22:00', NULL, NULL);

INSERT INTO `vehicle_rental`.`vr_authority`(`id`, `parent_id`, `root_id`, `code`, `name`, `type`, `route_path`, `urls`, `icon`, `sort`, `create_time`, `creator_id`, `creator_name`, `update_time`, `updater_id`, `updater_name`) VALUES (121407108014063616, 0, 121407108014063616, 'home', '主页', 'BASE', '/home', NULL, NULL, 101, '2025-05-23 16:05:10', NULL, NULL, '2025-05-26 16:47:27', NULL, NULL);
INSERT INTO `vehicle_rental`.`vr_authority`(`id`, `parent_id`, `root_id`, `code`, `name`, `type`, `route_path`, `urls`, `icon`, `sort`, `create_time`, `creator_id`, `creator_name`, `update_time`, `updater_id`, `updater_name`) VALUES (139168743249592310, 0, 139168743249592310, 'all', '所有权限', 'ROOT', NULL, '[{\"url\": \"/**\", \"method\": \"*\"}]', NULL, NULL, '2025-05-19 14:20:55', NULL, NULL, '2025-05-19 14:20:58', NULL, NULL);
INSERT INTO `vehicle_rental`.`vr_authority`(`id`, `parent_id`, `root_id`, `code`, `name`, `type`, `route_path`, `urls`, `icon`, `sort`, `create_time`, `creator_id`, `creator_name`, `update_time`, `updater_id`, `updater_name`) VALUES (139168743249592320, 0, 139168743249592320, 'system', '系统管理', 'MENU', '/system', NULL, NULL, 102, '2025-05-17 11:50:42', NULL, NULL, '2025-11-28 23:07:34', NULL, NULL);
INSERT INTO `vehicle_rental`.`vr_authority`(`id`, `parent_id`, `root_id`, `code`, `name`, `type`, `route_path`, `urls`, `icon`, `sort`, `create_time`, `creator_id`, `creator_name`, `update_time`, `updater_id`, `updater_name`) VALUES (139198558858391552, 139168743249592320, 139168743249592320, 'system:user', '用户管理', 'MENU', '/system/user', NULL, NULL, 100, '2025-05-17 13:49:11', NULL, NULL, '2025-11-01 14:50:44', NULL, NULL);
INSERT INTO `vehicle_rental`.`vr_authority`(`id`, `parent_id`, `root_id`, `code`, `name`, `type`, `route_path`, `urls`, `icon`, `sort`, `create_time`, `creator_id`, `creator_name`, `update_time`, `updater_id`, `updater_name`) VALUES (139198670527541248, 139168743249592320, 139168743249592320, 'system:role', '角色管理', 'MENU', '/system/role', NULL, NULL, 102, '2025-05-17 13:49:37', NULL, NULL, '2025-11-28 23:07:43', NULL, NULL);
INSERT INTO `vehicle_rental`.`vr_authority`(`id`, `parent_id`, `root_id`, `code`, `name`, `type`, `route_path`, `urls`, `icon`, `sort`, `create_time`, `creator_id`, `creator_name`, `update_time`, `updater_id`, `updater_name`) VALUES (139556867401342976, 139198670527541248, 139168743249592320, 'system:role:read', '查询角色', 'BUTTON', '', '[{\"url\": \"/api/system/role/query\", \"method\": \"POST\"}, {\"url\": \"/api/system/role/**\", \"method\": \"GET\"}]', NULL, 201, '2025-05-18 13:32:58', NULL, NULL, '2025-11-22 15:58:13', NULL, NULL);
INSERT INTO `vehicle_rental`.`vr_authority`(`id`, `parent_id`, `root_id`, `code`, `name`, `type`, `route_path`, `urls`, `icon`, `sort`, `create_time`, `creator_id`, `creator_name`, `update_time`, `updater_id`, `updater_name`) VALUES (139933005024358400, 139168743249592320, 139168743249592320, 'system:menu', '菜单管理', 'MENU', '/system/menu', NULL, NULL, 105, '2025-05-19 14:27:36', NULL, NULL, '2025-11-28 23:07:51', NULL, NULL);
INSERT INTO `vehicle_rental`.`vr_authority`(`id`, `parent_id`, `root_id`, `code`, `name`, `type`, `route_path`, `urls`, `icon`, `sort`, `create_time`, `creator_id`, `creator_name`, `update_time`, `updater_id`, `updater_name`) VALUES (139939401879629824, 139933005024358400, 139168743249592320, 'system:menu:read', '查询菜单', 'BUTTON', NULL, '[{\"url\": \"/api/system/menu/**\", \"method\": \"GET\"}, {\"url\": \"/api/system/authority/**\", \"method\": \"GET\"}]', NULL, 251, '2025-05-19 14:53:02', NULL, NULL, '2025-06-18 16:38:31', NULL, NULL);
INSERT INTO `vehicle_rental`.`vr_authority`(`id`, `parent_id`, `root_id`, `code`, `name`, `type`, `route_path`, `urls`, `icon`, `sort`, `create_time`, `creator_id`, `creator_name`, `update_time`, `updater_id`, `updater_name`) VALUES (143860281535823872, 139933005024358400, 139168743249592320, 'system:menu:write', '修改菜单', 'BUTTON', NULL, '[{\"url\": \"/api/system/menu/drag\", \"method\": \"POST\"}, {\"url\": \"/api/system/menu\", \"method\": \"PUT\"}, {\"url\": \"/api/system/menu\", \"method\": \"POST\"}, {\"url\": \"/api/system/authority\", \"method\": \"POST\"}, {\"url\": \"/api/system/authority\", \"method\": \"PUT\"}, {\"url\": \"/api/system/authority\", \"method\": \"PATCH\"}]', NULL, 252, '2025-05-30 10:33:12', NULL, NULL, '2025-06-11 11:24:20', NULL, NULL);
INSERT INTO `vehicle_rental`.`vr_authority`(`id`, `parent_id`, `root_id`, `code`, `name`, `type`, `route_path`, `urls`, `icon`, `sort`, `create_time`, `creator_id`, `creator_name`, `update_time`, `updater_id`, `updater_name`) VALUES (143861301259206656, 139933005024358400, 139168743249592320, 'system:menu:delete', '删除菜单', 'BUTTON', NULL, '[{\"url\": \"/api/system/menu/{id}\", \"method\": \"DELETE\"}, {\"url\": \"/api/system/authority/{id}\", \"method\": \"DELETE\"}]', NULL, 253, '2025-05-30 10:37:15', NULL, NULL, '2025-06-11 11:26:07', NULL, NULL);
INSERT INTO `vehicle_rental`.`vr_authority`(`id`, `parent_id`, `root_id`, `code`, `name`, `type`, `route_path`, `urls`, `icon`, `sort`, `create_time`, `creator_id`, `creator_name`, `update_time`, `updater_id`, `updater_name`) VALUES (148222793022951424, 139198670527541248, 139168743249592320, 'system:role:write', '修改角色', 'BUTTON', NULL, '[{\"url\": \"/api/system/role\", \"method\": \"POST\"}, {\"url\": \"/api/system/role\", \"method\": \"PUT\"}, {\"url\": \"/api/system/role\", \"method\": \"PATCH\"}, {\"url\": \"/api/system/role/{id}/authorities\", \"method\": \"POST\"}]', NULL, 202, '2025-06-11 11:28:16', NULL, NULL, '2025-06-11 11:30:14', NULL, NULL);
INSERT INTO `vehicle_rental`.`vr_authority`(`id`, `parent_id`, `root_id`, `code`, `name`, `type`, `route_path`, `urls`, `icon`, `sort`, `create_time`, `creator_id`, `creator_name`, `update_time`, `updater_id`, `updater_name`) VALUES (148223480016392192, 139198670527541248, 139168743249592320, 'system:role:delete', '删除角色', 'BUTTON', NULL, '[{\"url\": \"/api/system/role/{id}\", \"method\": \"DELETE\"}]', NULL, 203, '2025-06-11 11:30:59', NULL, NULL, '2025-06-11 11:30:59', NULL, NULL);
INSERT INTO `vehicle_rental`.`vr_authority`(`id`, `parent_id`, `root_id`, `code`, `name`, `type`, `route_path`, `urls`, `icon`, `sort`, `create_time`, `creator_id`, `creator_name`, `update_time`, `updater_id`, `updater_name`) VALUES (148227306823864320, 139198558858391552, 139168743249592320, 'system:user:write', '修改用户', 'BUTTON', NULL, '[{\"url\": \"/api/system/user\", \"method\": \"POST\"}, {\"url\": \"/api/system/user\", \"method\": \"PUT\"}, {\"url\": \"/api/system/user\", \"method\": \"PATCH\"}, {\"url\": \"/api/system/user/{id}/roles\", \"method\": \"POST\"}, {\"url\": \"/api/system/user/{id}/password\", \"method\": \"PUT\"}]', NULL, 2, '2025-06-11 11:46:12', NULL, NULL, '2025-06-18 17:40:19', NULL, NULL);
INSERT INTO `vehicle_rental`.`vr_authority`(`id`, `parent_id`, `root_id`, `code`, `name`, `type`, `route_path`, `urls`, `icon`, `sort`, `create_time`, `creator_id`, `creator_name`, `update_time`, `updater_id`, `updater_name`) VALUES (148228935985168384, 139198558858391552, 139168743249592320, 'system:user:read', '查询用户', 'BUTTON', NULL, '[{\"url\": \"/api/system/user/query\", \"method\": \"POST\"}, {\"url\": \"/api/system/user/search\", \"method\": \"POST\"}, {\"url\": \"/api/system/user/**\", \"method\": \"GET\"}]', NULL, 1, '2025-06-11 11:52:40', NULL, NULL, '2025-10-01 07:25:54', NULL, NULL);
INSERT INTO `vehicle_rental`.`vr_authority`(`id`, `parent_id`, `root_id`, `code`, `name`, `type`, `route_path`, `urls`, `icon`, `sort`, `create_time`, `creator_id`, `creator_name`, `update_time`, `updater_id`, `updater_name`) VALUES (148229124368138240, 139198558858391552, 139168743249592320, 'system:user:delete', '删除用户', 'BUTTON', NULL, '[{\"url\": \"/api/system/user/{id}\", \"method\": \"DELETE\"}]', NULL, 3, '2025-06-11 11:53:25', NULL, NULL, '2025-10-01 11:47:39', NULL, NULL);


INSERT INTO `vehicle_rental`.`vr_role`(`id`, `code`, `name`, `enabled`, `type`, `create_time`, `creator_id`, `creator_name`, `update_time`, `updater_id`, `updater_name`) VALUES (1, 'admin', '系统管理员', 1, 'NORMAL', '2025-05-19 09:45:39', NULL, NULL, '2025-11-01 20:49:11', NULL, NULL);
INSERT INTO `vehicle_rental`.`vr_role`(`id`, `code`, `name`, `enabled`, `type`, `create_time`, `creator_id`, `creator_name`, `update_time`, `updater_id`, `updater_name`) VALUES (2, 'super_admin', '超级管理员', 1, 'SUPER_ADMIN', '2025-05-19 14:19:31', NULL, NULL, '2025-06-05 09:17:53', NULL, NULL);
INSERT INTO `vehicle_rental`.`vr_role`(`id`, `code`, `name`, `enabled`, `type`, `create_time`, `creator_id`, `creator_name`, `update_time`, `updater_id`, `updater_name`) VALUES (147482251149312000, 'test', '测试', 1, 'NORMAL', '2025-06-09 10:25:37', NULL, NULL, '2025-11-02 18:48:03', NULL, NULL);
INSERT INTO `vehicle_rental`.`vr_role`(`id`, `code`, `name`, `enabled`, `type`, `create_time`, `creator_id`, `creator_name`, `update_time`, `updater_id`, `updater_name`) VALUES (200513148353810433, 'development', '开发工程师', 1, 'NORMAL', '2025-11-02 18:31:28', NULL, NULL, '2025-11-29 23:25:25', 1, '卡卡罗特');


INSERT INTO `vehicle_rental`.`vr_role_authority`(`id`, `role_id`, `authority_id`) VALUES (999, 2, 139168743249592310);
INSERT INTO `vehicle_rental`.`vr_role_authority`(`id`, `role_id`, `authority_id`) VALUES (200185420532404227, 1, 148228935985168384);
INSERT INTO `vehicle_rental`.`vr_role_authority`(`id`, `role_id`, `authority_id`) VALUES (200185420532404228, 1, 139198558858391552);
INSERT INTO `vehicle_rental`.`vr_role_authority`(`id`, `role_id`, `authority_id`) VALUES (200185420532404229, 1, 139168743249592320);
INSERT INTO `vehicle_rental`.`vr_role_authority`(`id`, `role_id`, `authority_id`) VALUES (200512603505332226, 146135262883880960, 139556867401342976);
INSERT INTO `vehicle_rental`.`vr_role_authority`(`id`, `role_id`, `authority_id`) VALUES (200512603505332227, 146135262883880960, 139939401879629824);
INSERT INTO `vehicle_rental`.`vr_role_authority`(`id`, `role_id`, `authority_id`) VALUES (200512603505332228, 146135262883880960, 148228935985168384);
INSERT INTO `vehicle_rental`.`vr_role_authority`(`id`, `role_id`, `authority_id`) VALUES (200512603505332229, 146135262883880960, 148227306823864320);
INSERT INTO `vehicle_rental`.`vr_role_authority`(`id`, `role_id`, `authority_id`) VALUES (200512603505332230, 146135262883880960, 148222793022951424);
INSERT INTO `vehicle_rental`.`vr_role_authority`(`id`, `role_id`, `authority_id`) VALUES (200512603505332231, 146135262883880960, 143860281535823872);
INSERT INTO `vehicle_rental`.`vr_role_authority`(`id`, `role_id`, `authority_id`) VALUES (200512603505332232, 146135262883880960, 139198670527541248);
INSERT INTO `vehicle_rental`.`vr_role_authority`(`id`, `role_id`, `authority_id`) VALUES (200512603505332233, 146135262883880960, 139168743249592320);
INSERT INTO `vehicle_rental`.`vr_role_authority`(`id`, `role_id`, `authority_id`) VALUES (200512603505332234, 146135262883880960, 139933005024358400);
INSERT INTO `vehicle_rental`.`vr_role_authority`(`id`, `role_id`, `authority_id`) VALUES (200512603505332235, 146135262883880960, 139198558858391552);
INSERT INTO `vehicle_rental`.`vr_role_authority`(`id`, `role_id`, `authority_id`) VALUES (200517323023810561, 147482251149312000, 148228935985168384);
INSERT INTO `vehicle_rental`.`vr_role_authority`(`id`, `role_id`, `authority_id`) VALUES (200517323023810562, 147482251149312000, 139556867401342976);
INSERT INTO `vehicle_rental`.`vr_role_authority`(`id`, `role_id`, `authority_id`) VALUES (200517323023810563, 147482251149312000, 139939401879629824);
INSERT INTO `vehicle_rental`.`vr_role_authority`(`id`, `role_id`, `authority_id`) VALUES (200517323023810564, 147482251149312000, 139198558858391552);
INSERT INTO `vehicle_rental`.`vr_role_authority`(`id`, `role_id`, `authority_id`) VALUES (200517323023810565, 147482251149312000, 139168743249592320);
INSERT INTO `vehicle_rental`.`vr_role_authority`(`id`, `role_id`, `authority_id`) VALUES (200517323023810566, 147482251149312000, 139198670527541248);
INSERT INTO `vehicle_rental`.`vr_role_authority`(`id`, `role_id`, `authority_id`) VALUES (200517323023810567, 147482251149312000, 139933005024358400);
INSERT INTO `vehicle_rental`.`vr_role_authority`(`id`, `role_id`, `authority_id`) VALUES (210371596041818115, 200513148353810433, 148228935985168384);
INSERT INTO `vehicle_rental`.`vr_role_authority`(`id`, `role_id`, `authority_id`) VALUES (210371596041818116, 200513148353810433, 139556867401342976);
INSERT INTO `vehicle_rental`.`vr_role_authority`(`id`, `role_id`, `authority_id`) VALUES (210371596041818117, 200513148353810433, 139939401879629824);
INSERT INTO `vehicle_rental`.`vr_role_authority`(`id`, `role_id`, `authority_id`) VALUES (210371596041818118, 200513148353810433, 139198558858391552);
INSERT INTO `vehicle_rental`.`vr_role_authority`(`id`, `role_id`, `authority_id`) VALUES (210371596041818119, 200513148353810433, 139168743249592320);
INSERT INTO `vehicle_rental`.`vr_role_authority`(`id`, `role_id`, `authority_id`) VALUES (210371596041818120, 200513148353810433, 139198670527541248);
INSERT INTO `vehicle_rental`.`vr_role_authority`(`id`, `role_id`, `authority_id`) VALUES (210371596041818121, 200513148353810433, 139933005024358400);


INSERT INTO `vehicle_rental`.`vr_user_role`(`id`, `user_id`, `role_id`) VALUES (200100904171614210, 1, 2);
